id;topicID;contentid;videolink;videoupload;showvideo;name;description;first;second
e4c8ed81;;a95a5893;https://www.youtube.com/watch?v=WxHGrTbtly0;;;V.57_Georges Bizet | “Trio des Cartes” (1875);;;
f8549ce1;;700feff9;https://www.youtube.com/shorts/9Vj8bQEkGyQ;;;V.52_Caravaggio | The Fortune Teller (c. 1595);;;
9e4e51d9;;3f7312e1;https://youtu.be/TFeBNihAwQs;;;V.60_Georges de la Tour | The Fortune Teller (c. 1630);;;
fe78a45c;;3f7312e1;https://www.youtube.com/watch?v=TFeBNihAwQs;;;V.25_Georges de la Tour | The Fortune Teller (c. 1630);;;
da2d84df;;7b3403d8;https://www.youtube.com/watch?v=Yb6jULNu5ik;;;V.44_O Fortuna;;;
be1fdafc;;d36f162f;https://www.youtube.com/watch?v=iElljPJdCiY;;;V.16_Benny Spellman | “Fortune Teller” (1962);;;
c4b3e285;;b99395fe;https://www.youtube.com/shorts/UtTqJ9at3Xo;;;How to dig underwater;;Yes;
acc3baf3;;91fa91d8;https://www.youtube.com/shorts/qBLt189pm9w;;;V.19_;;Yes;
e148d6e6;;91fa91d8;https://www.youtube.com/watch?v=wSK-cf-f34E;;;Timeline of digging;;;Yes
21982c72;;8203d04d;https://www.youtube.com/watch?v=wOzbxyjUQ_o;;;Story of big Dig;;Yes;
fa59be0b;;b99395fe;https://www.youtube.com/watch?v=_jtQ_U9p3wY;;;Channel Tunnel after 20 years;;;Yes
5b0c475e;;e8dc8010;https://www.youtube.com/shorts/oYSfe0akVOA;;;V.9_California High-Speed Rail Why it fail;;Yes;
876ad51e;;e8dc8010;https://www.youtube.com/shorts/fxHX1ROPH_Y;;;Failure;;;Yes
5fbfb08e;;d0dddd12;https://youtu.be/5zsYwmOqt8U;;;V.81_Sejong City Around;;;
9677754e;;455c807c;https://www.youtube.com/shorts/1OBV45IkXE4;;;V.73_Hambantota - China role;;;Yes
bed16a9b;;4108464d;https://www.youtube.com/shorts/iJeIVyxp_No;;;V.92_NEOM- Overview;;Yes;
e5f62646;;4108464d;https://www.youtube.com/shorts/EfLNVkUxQvs;;;V.29_NEOM- Failure;;;
ee2a0eee;;81316699;https://www.youtube.com/watch?v=N_pvlmK00mI;;;V.67_New Eurasia Land Bridge;;Yes;
0a22554b;;84d1f5b6;https://www.youtube.com/watch?v=NMt_dYTVopM;;;V.41_Hong Kong-Zhuhai Bridge;;Yes;
b22cf219;;ef4f1da2;https://www.youtube.com/shorts/j6vnVH_CnKs;;;V.43_Loneliness spreading fast;;Yes;
2f167e43;;ceb723f8;https://www.youtube.com/shorts/RDVEoiPUDnw;;;V.57_How loneliness varies across the globe?;;Yes;
ef4f2311;;ceb723f8;https://www.youtube.com/watch?v=nSVR5AoWUcU;;;V.24_How loneliness varies across the globe?;;;Yes
c82fc23c;;67a5d3e0;https://www.youtube.com/watch?v=qCbbCeEC5PA;;;V.83_Possible way to deal with Loneliness Epidemic;;Yes;
8daafe8d;;dee38c9b;https://www.youtube.com/shorts/KKT1BLE1yz8;;;V.65_Japan Technology solution to Loneliness;;No;
e900be5a;;dee38c9b;https://www.youtube.com/shorts/HkZhp36c6mQ;;;Kodokushi;;Yes;
44943f39;;dee38c9b;https://www.youtube.com/shorts/S3WlPvMQ7YM;;;Hikikomori;;;Yes
14994368;;efb86017;https://www.youtube.com/watch?v=4Run-Jquj2c;;;V.56_Technology to take care of elderly in Japan;;Yes;
e8d08aff;;efb86017;https://www.youtube.com/watch?v=bBOXQz7OHqQ;;;WaiFu bot;;;Yes
0b1f2c41;;2096656a;https://www.youtube.com/watch?v=SZTYyFNSL5o;;;V.72_Review the better approach;;Yes;
08000e1b;;e8a3da1c;https://www.youtube.com/watch?v=Dru78IHxQE0;;;V.76_Debate: Can and should population boom again;;Yes;
4a1c6ec6;;54899d90;https://www.youtube.com/shorts/UDZeljwzFRs;;;V.98_What is living condition of nations and why it matter.;;Yes;
b94ab9b5;;937f1dca;https://www.youtube.com/shorts/l8el_VY3dFs;;;Canada declining living standard;;Yes;
a270f5b7;;937f1dca;https://www.youtube.com/watch?v=tUo6fpSbbVs;;;Australia_Living conditions decline in 90% of countries;;;Yes
0d546ff0;;0b6fad58;https://www.youtube.com/watch?v=jJ7_FE8G08A;;;V.37_Declining birth rates Seoul;;;Yes
31a714e0;;0b6fad58;https://www.youtube.com/shorts/JqctCanD69I;;;India V.92_Declining birth rates;;Yes;
66ec92a5;;6b323ea6;https://www.youtube.com/shorts/OTsL9K2otQM;;;V.8_Is birth rate irreversible?;;No;Yes
294079c5;;6b323ea6;https://www.youtube.com/shorts/hT6DqZ6P8P8;;;V.49_Is birth rate irreversible? China;;Yes;
3993e6ab;;e8a3da1c;https://www.youtube.com/shorts/KfeYlkvFV0w;;;Elon Musk: V.90_Debate: Can and should population boom again;;;Yes
1f792a76;;41ddb61b;https://www.youtube.com/shorts/sp7IlWqT2ao;;;Podcast vs Radio V.87_What is podcast?;;Yes;
63485069;;7fb2cf4c;https://www.youtube.com/shorts/bExgSGzzt4I;;;Can podcast be popular V.43_Continued impact of podcast;;Yes;
ac1aef3c;;530348d8;https://www.youtube.com/shorts/utpMKhM0Fts;;;James garfiled attack V.49_A dangerous example of Parasocial relationship;;Yes;
ddfba362;;530348d8;https://www.youtube.com/shorts/-R_WplADGpY;;;Problem with parasocial relationship;;;Yes
765ecf83;;a1c39eaf;https://www.youtube.com/shorts/X-_fWXH3iDU;;;What is parasocial relationship V.57_What is Parasocial Relationship;;No;Yes
faf588d9;;2680b898;https://www.youtube.com/shorts/uPfvswS2ZiM;;;Defense of Parasocial relationship - V.29_A surge in one-sided relationship;;Yes;
b909eda0;;a1c39eaf;https://youtu.be/JC0nt0a6VWw;;;What is V.13_What is Parasocial Relationship;;Yes;
84afda69;;439fb1ea;https://www.youtube.com/watch?v=fiZUWVwHpe0;;;Quick 1 minutes V.31_Harmful effect of Social media;;Yes;
f4672411;;439fb1ea;https://www.youtube.com/watch?v=uTZXjvcsMlU;;;V.14_Harmful effect of Social media;;;Yes
82f07d0c;;3f9ec568;https://www.youtube.com/shorts/f7HjCxqxBz8;;;Jan Simek V.40_Potential solution?;;;Yes
ee02283a;;c7318e4e;https://www.youtube.com/watch?v=VJcxbOmV6Do;;;V.79_Social media affect Adults and Seniors;;Yes;
4eafe841;;3f9ec568;https://www.youtube.com/shorts/HJmre-uoPyU;;;V.90_Potential solution?;;Yes;
c9646b45;;2daeba4d;https://www.youtube.com/shorts/BaJTF9NQD2s;;;V.64_Who can take responsibility for Harmful content;;Yes;
1615c0c4;;1b6752ee;https://www.youtube.com/shorts/iHKvqnUc01M;;;V.28_Traumatic image and Video - Bad to our mind?;;Yes;
ccbd0c7e;;1b6752ee;https://www.youtube.com/watch?v=4IL75NkonjY;;;V.49_Traumatic image and Video - Bad to our mind?;;;Yes
21e69a66;;2c807a7b;https://www.youtube.com/watch?v=W6CBb3yX9Zs;;;V.19_The news change the way we think and behave;;Yes;
030a9362;;0bdc6d7e;https://www.youtube.com/shorts/1-Stq4yuUvY;;;V.94_Nostradamus and his prediction;;Yes;
f18533d9;;843c9c0a;https://www.youtube.com/watch?v=LUGIFLV9cJM;;;Reciting V.46_Horace | “Ode I. 11” (23 BCE);;;
08f496ed;;82a8618e;https://youtu.be/XAn7pDKffa0;;;V.99_William Butler Yeats | “The Second Coming” (1919);;;Yes
e5583130;;3bbf461f;https://www.youtube.com/watch?v=6xUTgpEG-fE;;;Recite V.64_Robert Frost | “Fire and Ice” (1920);;Yes;
2b1a941a;;3bbf461f;https://www.youtube.com/shorts/L-am4ZyvDXU;;;Explanation V.84_Robert Frost | “Fire and Ice” (1920);;;Yes
f2db5daa;;b2bbdb66;https://www.youtube.com/shorts/rMfN6klyTvI;;;V.98_What is the practice of Divination?;;Yes;
410478b0;;9309ba09;https://www.youtube.com/shorts/923OlGP8XMQ;;;V.100_Haruspicy;;Yes;
17ee63d4;;0f6c3a45;https://youtu.be/r3EYNGJV420;;;V.44_Alectryomancy;;Yes;
41c6d671;;b40a1c82;https://www.youtube.com/shorts/VRGDS2WMHvE;;;V.57_Bibliomancy;;Yes;
1bcd18e6;;58841389;https://www.youtube.com/watch?v=hFKFZLiLjVA;;;V.32_Hydromancy;;Yes;
c7963486;;d2026826;https://www.youtube.com/shorts/Aobm-REsNQo;;;V.62_Astragalomancy;;Yes;
75470553;;d94f7439;https://www.youtube.com/watch?v=eBIS17Va9sA;;;V.19_Astrology for kids;;Yes;
c85eb477;;5e1a84ee;https://www.youtube.com/shorts/hZmEkkEmDxU;;;V.15_Palmistry;;Yes;
f718b291;;fa5edd2b;https://www.youtube.com/watch?v=lQbTWoU4OCw;;;V.44_Physiognomy;;Yes;
7deeb49c;;dc436d71;https://www.youtube.com/shorts/m15b422cCtc;;;V.34_Tasseography;;;Yes
8ab29d89;;dc436d71;https://www.youtube.com/shorts/m15b422cCtc;;;V.89_Tasseography;;Yes;
28f88703;;86b83fcd;https://www.youtube.com/shorts/LX9Sti1MJy4;;;V.53_fortune teller;;Yes;
eacace79;;a6f382a3;https://www.youtube.com/watch?v=Wvdy0UQNO9E;;;V.59_Oracle;;;
a42f639a;;d89dd87a;https://www.youtube.com/shorts/k3QOY8Xoe7c;;;V.13_Shaman;;Yes;
c17ee96c;;d89dd87a;https://www.youtube.com/watch?v=TFlIatziRB8;;;Peru V.81_Shaman;;;Yes
d7278178;;71cee8ef;https://www.youtube.com/shorts/QEYL0M7kJbQ;;;V.8_Witch;;Yes;
c7182066;;db300396;https://www.youtube.com/shorts/zhqxNOw-JTM;;;V.64_Clairvoyant;;Yes;
9c79a863;;671ed517;https://www.youtube.com/shorts/NJHKD6L_7BY;;;V.69_Ifá;;Yes;
6bfbbdd2;;0c20f315;https://www.youtube.com/shorts/uB0K-vNBCmo;;;V.96_Jyotish;;Yes;
51ee5abe;;a375a587;https://www.youtube.com/shorts/sF6Mx1WzdMk;;;V.74_Ching - Fortune tell;;Yes;
52ecdc2c;;f72e71d7;https://www.youtube.com/watch?v=5z6KxagYYyY;;;V.23_Bazi;;Yes;
45e3545c;;f651fa9f;https://www.youtube.com/shorts/7_gAWGPO0B8;;;V.36_Jiaobei;;Yes;
fea33c79;;f651fa9f;https://www.youtube.com/watch?v=uSCRm3ozCFw;;;V.30_Jiaobei;;;Yes
c3aaf0cd;;48849425;https://www.youtube.com/shorts/FnzWTIbOx28;;;V.61_Omikuji;;Yes;
478c2def;;48849425;https://www.youtube.com/watch?v=QJXjxh7YeYg;;;V.71_Omikuji;;;Yes
a0c97fde;;024d4cb3;https://www.youtube.com/shorts/kMe2BVbZQr4;;;V.11_Ouija;;Yes;
c0c2531f;;024d4cb3;https://www.youtube.com/shorts/vizeMHrEgYM;;;V.49_Ouija;;;Yes
8161d70c;;023b2317;https://www.youtube.com/shorts/nVEaq8UDbQw;;;V.1_Crystal ball;;Yes;
dcbde47d;;8af1fdd9;https://www.youtube.com/shorts/tV1PNPLG5HY;;;V.41_Fortune cookies- History;;Yes;No
bbdb6e50;;8af1fdd9;https://www.youtube.com/shorts/Qxez--_jYr4;;;V.11_Fortune cookies;;No;Yes
7e42a197;;82cbdd6c;https://www.youtube.com/shorts/xMJ4qJ5w888;;;V.57_Horoscopes;;Yes;
cd5b8952;;73a4c499;https://www.youtube.com/shorts/Y2RSx2ONvlc;;;V.64_Michio Kaku;;;
443f1864;;685c3064;https://www.youtube.com/shorts/xltAqCLILaw;;;V.67_Michio Kaku 's Predictions;;Yes;
1af7379e;;685c3064;https://www.youtube.com/shorts/69cykAYEQik;;;V.6_Michio Kaku 's Predictions;;;Yes
4500da57;;c3518ac3;https://www.youtube.com/shorts/MuUfZ8M2rvY;;;V.21_Discussion about his prediction;;Yes;
c2767d3d;;6ea6f9a3;https://www.youtube.com/watch?v=VcdPyzCgkZk;;;V.53_Flying car;;No;Yes
adfea28a;;6ea6f9a3;https://www.youtube.com/shorts/-OIaGIg1Ohc;;;V.34_Flying car;;Yes;
6083d914;;af20d632;https://www.youtube.com/shorts/T3dp_uQ7b3M;;;How it work V.23_Maglev;;Yes;
44570961;;7afce43c;https://www.youtube.com/shorts/QXFqerXfmuY;;;V.35_Zeppelin WWI;;Yes;
b55e47f9;;7afce43c;https://youtu.be/Lu4YM15yVDw;;;V.94_Zeppelin how it work;;;Yes
31b4f115;;0fc726a7;https://www.youtube.com/shorts/q31qRVk1VE4;;;V.98_Suspension railway;;Yes;
d4a2dcbf;;0fc726a7;https://www.youtube.com/shorts/qwQTAAmt7ks;;;V.40_Suspension railway;;;Yes
1ca056c6;;7cbe78fb;https://www.youtube.com/shorts/4e0gmTLjnKY;;;V.86_Ground-effect vehicle;;Yes;
d7d319fc;;7cbe78fb;https://www.youtube.com/shorts/YTewdi7GpSA;;;V.13_Ground-effect vehicle;;;Yes
e7ac9cb7;;d10bdb68;https://www.youtube.com/shorts/WvkPCDFw2b8;;;V.70_Supersonic transport;;Yes;
04ca1208;;541cc136;https://www.youtube.com/shorts/1Tw1WtairlA;;;V.78_Nuclear propulsion;;Yes;
a34883f0;;17deef06;https://www.youtube.com/shorts/U2vkcBQsAp4;;;V.90_Hyperloop;;Yes;
eecf670f;;17deef06;https://www.youtube.com/shorts/QzgXxxyE6OY;;;V.83_Hyperloop;;;Yes
fbde4413;;33e2ddfc;https://youtu.be/SRt1KOP9a2g;;;V.60_Hydrogen vehicle what is it?;;Yes;
dde0a26d;;33e2ddfc;https://www.youtube.com/shorts/V_1n5oGpCoA;;;V.88_Hydrogen vehicle;;;Yes
b35b78c8;;6cea5bad;https://www.youtube.com/shorts/cTd0M5NlEck;;;V.10_Mecha;;Yes;
b50f6384;;1d35c5bc;https://www.youtube.com/watch?v=KLOcj5qvOio;;;V.84_Metaverse;;Yes;
83f267de;;1d35c5bc;https://www.youtube.com/shorts/s_5C80Oh36M;;;V.54_Metaverse;;;Yes
91a4bfe4;;c7ded1e7;https://www.youtube.com/shorts/iF6BrjLWry8;;;V.11_Rocket mail;;;Yes
0e4d5fa3;;c7ded1e7;https://www.youtube.com/shorts/XiOZbzwLs1U;;;V.27_Rocket mail;;Yes;
592a0639;;7afdb2b1;https://www.youtube.com/watch?v=n4RjJKxsamQ;;;V.99_Scorpions | “Wind of Change” (1990);;No;Yes
b65cafdc;;7afdb2b1;https://www.youtube.com/shorts/N-cUE9t-rr0;;;V.35_Scorpions | “Wind of Change” (1990);;Yes;
3f7299eb;;d7ecd7f7;https://youtu.be/2rlQqWbp7rY;;;V.61_Jesus Jones | “Right Here, Right Now” (1991);;Yes;
19423d06;;6093b6e9;https://youtu.be/BWf-eARnf6U;;;V.25_Michael Jackson | “Heal the World” (1991);;Yes;
36a98f63;;64feb0be;https://youtu.be/tMYtFe8adKA;;;V.53_Michael Crawford | “Counting Up to Twenty” (1995);;Yes;
ed00ff80;;04b25a6d;https://youtu.be/VT_GG7q3vhs;;;V.44_Will Smith | “Will 2K” (1999);;Yes;
149c989f;;475ff18e;https://www.youtube.com/shorts/YuT7vAdRWaY;;;V.15_What is the new Age movement;;Yes;
09df17b0;;475ff18e;https://youtu.be/FQRWHyaWu5s;;;V.22_What is the new Age movement;;;Yes
63aef0dc;;cd781f90;https://www.youtube.com/watch?v=TQtEFdyhgdE;;;V.36_Alice Coltrane | “Journey In Satchidananda” (1971);;Yes;
c39312fb;;cd781f90;https://www.youtube.com/shorts/ntnWPuWY91o;;;V.54_Alice Coltrane | “Journey In Satchidananda” (1971);;;Yes
6a012646;;5daeac95;https://youtu.be/RiHAUEJ0EQw;;;V.27_Vangelis | “To the Unknown Man” (1977);;No;Yes
84b458bc;;5daeac95;https://www.youtube.com/shorts/diS9vKb7YXY;;;V.87_Vangelis | “To the Unknown Man” (1977);;Yes;No
68e5806a;;272f1590;https://www.youtube.com/shorts/4SFylttYp2M;;;V.32_Kitaro | “Theme From Silk Road” (1980);;Yes;
aedfaca1;;272f1590;https://www.youtube.com/shorts/QXeNMAumaBY;;;V.56_Kitaro | “Theme From Silk Road” (1980);;;Yes
ee54c79a;;d18a91e3;https://www.youtube.com/watch?v=Jl8iYAo90pE;;;V.20_Enya | “Caribbean Blue” (1991);;Yes;
4b8d5529;;d18a91e3;https://www.youtube.com/shorts/bH1AczW2jgk;;;V.97_Enya | “Caribbean Blue” (1991);;;Yes
60745cf8;;5922b43d;https://youtu.be/Rk_sAHh9s08;;;V.4_Enigma | “Return To Innocence” (1994);;Yes;
63169c44;;5922b43d;https://www.youtube.com/shorts/pcySIqyltsw;;;V.50_Enigma | “Return To Innocence” (1994);;;Yes
86315f76;;ad48fcaa;https://youtu.be/tMDKeBaLWDw;;;V.3_What is fire. History of it;;Yes;
a1f1d487;;ad48fcaa;https://youtu.be/1pfqIcSydgE;;;V.97_What is fire. History of it;;;
34742d5c;;3be42089;https://youtu.be/SJKpJCiv8G0;;;V.66_Oxidization;;Yes;
cd714f3c;;3be42089;https://youtu.be/inUsvpJyenc;;;V.25_Oxidization;;;Yes
353f5dc3;;f5b6c073;https://youtu.be/5_PlnKpuaXE;;;V.77_Ignition of Fire;;Yes;
b974aae2;;18127d68;https://youtu.be/xd1alir07q4;;;V.38_Combustion;;Yes;
521f4db3;;18127d68;https://www.youtube.com/shorts/Doz7kP6LlMk;;;V.69_Combustion;;;Yes
e8cdad21;;10360cef;https://www.youtube.com/shorts/7J6iUberH6M;;;V.35_Flash point;;Yes;
610be669;;00ee065e;https://www.youtube.com/shorts/XGrvq7VTSyg;;;V.55_Convection;;Yes;
2e106fc0;;00ee065e;https://www.youtube.com/shorts/UjObv6S0SOY;;;V.70_Convection;;;Yes
b9a14f9d;;ae87ee44;https://youtu.be/3pehszGCUxQ;;;V.14_Fire triangle;;Yes;
26cbbebf;;37c6d52a;https://youtu.be/48iloyfN--M;;;V.47_Fire tetrahedron;;Yes;
55b911ba;;ea050586;https://youtu.be/a1ZdhamZnvA;;;V.63_Flame;;Yes;
90329133;;b6d77964;https://youtu.be/BCXjlshi770;;;V.24_Fuel;;Yes;
58423292;;761cb50e;https://youtu.be/Ygpzm0S_rPQ;;;V.26_Overview of history of fire;;Yes;
8393ec65;;60f9d786;https://www.youtube.com/shorts/RzBmQIwzwDY;;;V.47_About Greek Fire - Overview;;Yes;
3166370e;;25157782;https://www.youtube.com/shorts/X2dCLrhjjJ4;;;V.6_About Greek Fire - Overview;;Yes;
fe948ea8;;d556cad2;https://www.youtube.com/shorts/lsrpwAsjf3s;;;V.79_Los Angeles fire in 2025;;Yes;
991b0d46;;d556cad2;https://www.youtube.com/shorts/1-PsGYzrw5E;;;V.88_Los Angeles fire in 2025;;;Yes
64cc518a;;992f05b2;https://www.youtube.com/watch?v=iGmxCbjaO2o;;;V.80_Napalm;;Yes;
d8f1dfbd;;992f05b2;https://www.youtube.com/shorts/GK6nGMrG_CA;;;V.25_Napalm;;;Yes
4c246112;;7a773e6e;https://youtu.be/CWMATrOatRw;;;V.34_Thermite;;Yes;
3e68ac9d;;7a773e6e;https://www.youtube.com/shorts/PcXhEmdbKwU;;;V.72_Thermite;;;Yes
7fdb6cb5;;e6ae80bc;https://www.youtube.com/shorts/t0tMkpfSsA0;;;V.9_white phosphorus;;Yes;
0c403703;;e6ae80bc;https://youtu.be/ZFzo0v-NKWE;;;V.24_white phosphorus;;;Yes
cc1507bb;;1d59f132;https://youtu.be/lPUgvYZ5UDk;;;V.25_Greek Fire as modern weapon?;;;
0e6f742c;;e3e96d02;https://www.youtube.com/watch?v=TME0xubdHQc;;;V.78_“They’ll never take our freedom” | Braveheart (1995);;Yes;
c9c4f555;;23f3025a;https://www.youtube.com/watch?v=3_QSJyJaeD4;;;V.8_“Today we celebrate our Independence Day” | Independence Day (1996);;Yes;
34dbf54f;;beb71521;https://www.youtube.com/watch?v=BRYxQM1HHX0;;;V.48_“The streets of heaven are too crowded” | The West Wing: Season 4 (2002);;Yes;
ac885b59;;33bbd4e6;https://youtu.be/D6ouyeycWk8;;;V.55_“We’re a great one too” | Love, Actually (2003);;Yes;
ad647710;;fbeb8f7e;https://www.youtube.com/watch?v=1UFvhiDEbYs;;;V.58_A.1 Big Promises, Small Results: The Pattern of Failed Megaprojects;;;
28c6060e;;455c807c;https://youtu.be/bZ9ZCA52t_8;;;V.18_Hambantota;;Yes;
f1a435e3;;08a2c37c;https://www.youtube.com/shorts/h6kZGzuQ5Ng;;;V.3_Three Gorges Dam;;Yes;
745318aa;;08a2c37c;https://youtu.be/dcZ0BXJYlUA;;;V.80_Three Gorges Dam;;;Yes
1257ac58;;9a4991aa;https://www.youtube.com/watch?v=P5WO5tiOA_g;;;V.54_Al Stewart | “Nostradamus” (1973);;Yes;
025a9605;;25f62f5b;https://www.youtube.com/watch?v=6aN-1fqRb6A;;;V.22_Suzanne Vega | “Predictions” (1990);;Yes;Yes
41afd5e8;;26ff120d;https://www.youtube.com/shorts/G5hpvrPXstg;;;V.58_Barnum effect;;Yes;
68a3223b;;26ff120d;https://www.youtube.com/shorts/ZypKFMmgY0M;;;V.30_Barnum effect;;;Yes
35d53cd2;;b7d54404;https://www.youtube.com/shorts/HgS5__-Pt74;;;V.58_Pygmalion effect;;Yes;
5b9d1923;;b7d54404;https://www.youtube.com/watch?v=4aN5TbGW5JA;;;V.91_Pygmalion effect;;;Yes
aa51fe96;;afb7b42b;https://www.youtube.com/watch?v=-vIaXyQoLH8;;;V.97_Cold Reading;;Yes;
2f016f1e;;108fde7f;https://www.youtube.com/shorts/whXXPEEg5u8;;;V.50_Confirmation bias;;Yes;
2ca7dcdd;;108fde7f;https://youtu.be/Kho5KvPBDSw;;;V.25_Confirmation bias;;;Yes
b8716243;;ef6e6acd;https://youtu.be/8CBK7hFxtkQ;;;V.27_Self-fulfilling prophecy;;No;Yes
08cc6cfa;;ef6e6acd;https://www.youtube.com/shorts/bHXa9vazbIc;;;V.8_Self-fulfilling prophecy;;Yes;
9a276e9a;;f57e3342;https://www.youtube.com/shorts/xBLWSsjbREo;;;V.99_Unipolarity vs. Multipolarity;;Yes;
f1e2b195;;f57e3342;https://www.youtube.com/shorts/pEzjGnwq5wc;;;V.78_Unipolarity vs. Multipolarity;;No;Yes
38ea6da3;;75044d98;https://www.youtube.com/shorts/2wt6gs8NuKA;;;V.52_Aztec agricultural calendar;;Yes;
6b5ea10b;;75044d98;https://www.youtube.com/shorts/GRZOzYhLdck;;;V.8_Aztec agricultural calendar;;;Yes
9671f54e;;0fa43d72;https://www.youtube.com/shorts/fvsFMBbZaMs;;;V.33_Mayan cyclical calendars;;Yes;
c4358236;;0fa43d72;https://youtu.be/5rijwHwOy8g;;;V.89_Mayan cyclical calendars;;;Yes
94317471;;65478fd1;https://www.youtube.com/watch?v=cKlNXD36Ggs;;;V.86_Solar terms;;;Yes
e9b17dee;;65478fd1;https://www.youtube.com/shorts/fMAGwFqBowo;;;V.63_Solar terms;;Yes;
66520232;;ade2827e;https://www.youtube.com/shorts/yeBFfMiyKZ0;;;V.49_Computus;;Yes;
e5107e0f;;ec8ec5fa;https://www.youtube.com/shorts/-DKiA2_nsYU;;;V.93_Saros;;Yes;
ca8f97c9;;c742d994;https://youtu.be/MtxYf6DZSZQ;;;V.44_Metonic cycle;;Yes;
b6b911cd;;a6417ad9;https://www.youtube.com/shorts/VaS9wsSVPEs;;;V.7_Antikythera mechanism;;;
a40da5b5;;a6417ad9;https://www.youtube.com/shorts/PjfVXsd8CnM;;;V.37_Antikythera mechanism;;Yes;
705c4ddb;;a6417ad9;https://youtu.be/EZy4a5uTYH0;;;V.67_Antikythera mechanism;;;Yes
f809838e;;adb7f8e5;https://www.youtube.com/shorts/xfBPRZygE0w;;;V.40_Neo-Assyrian Empire;;Yes;
d7985e2b;;adb7f8e5;https://www.youtube.com/watch?v=PDP6A1LA_5I;;;V.93_Neo-Assyrian Empire;;;Yes
ba9f72b4;;703878ef;https://www.youtube.com/shorts/MMzngmPgBM8;;;V.75_Song Dynasty;;Yes;
97024054;;703878ef;https://www.youtube.com/watch?v=KnsCwmNR5LQ;;;V.70_Song Dynasty;;;Yes
b75a0d51;;b39a0f05;https://www.youtube.com/shorts/OoR7aMqx5HU;;;V.19_Byzantine Empire;;Yes;
66e5c2d4;;b39a0f05;https://www.youtube.com/watch?v=Okph9wt8I0A;;;V.19_Byzantine Empire;;;Yes
9f9883c5;;71b32a54;https://www.youtube.com/shorts/gpRb36H3_zE;;;V.24_Carolingian Empire;;No;Yes
d261312e;;71b32a54;https://www.youtube.com/shorts/0wXyNvKc2jU;;;V.49_Carolingian Empire;;Yes;
fc27d946;;1604c4cb;https://www.youtube.com/shorts/rT8zF50i5D4;;;V.44_Ottonian dynasty;;Yes;
f9900f64;;1604c4cb;https://youtu.be/LLMkOq8EwaE;;;V.94_Ottonian dynasty;;;Yes
49d2e015;;b2294b7f;https://www.youtube.com/shorts/4HoDJn15LDY;;;V.40_Meiji Restoration;;Yes;
45a9e053;;b2294b7f;https://www.youtube.com/shorts/JIEK6MwVXEc;;;V.91_Meiji Restoration;;;Yes
4a8051f3;;03dc7c17;https://youtu.be/Qi5qpALDJXo;;;V.9_Neo-Sovietism;;Yes;
e97dfc03;;b35da4a0;https://www.youtube.com/watch?v=nA6nMs0xnIE;;;V.27_halyosy | “Fire◎Flower” (2008);;Yes;
952e3ebb;;900087ed;https://www.youtube.com/watch?v=QGJuMBdaqIw;;;V.89_Katy Perry | “Fireworks” (2010);;Yes;
f83ae932;;063c8cf9;https://youtu.be/EkttBYzD-jY;;;V.77_George Frideric Handel | Music for the Royal Fireworks (1749);;Yes;
e46687c0;;6bb11e79;https://www.youtube.com/watch?v=SWOAu_T5DuI;;;V.93_Igor Stravinsky | Feu d'artifice (1908);;Yes;
3329614f;;6bb11e79;https://www.youtube.com/watch?v=9AM31XkrGbw;;;V.33_Igor Stravinsky | Feu d'artifice (1908);;;
0718c943;;f37c940e;https://www.youtube.com/watch?v=8XZvxmkSVf8;;;V.74_Controlling vs. client state;;Yes;
68a6a01e;;62fea2ef;https://www.youtube.com/shorts/syCnd1KnMCk;;;V.56_soft vs. hard power;;No;Yes
de7b7a59;;2da2b85a;https://www.youtube.com/watch?v=dxhj4Jg3dzU;;;V.45_foreign assistance;;No;Yes
29e4b350;;ab04ed2f;https://www.youtube.com/shorts/XxmHZbiJEFI;;;V.51_Horus;;Yes;
0827a5a2;;1c939836;https://www.youtube.com/shorts/P0e8wm54RSc;;;V.24_Yudhishthira;;;Yes
fd32d984;;1c939836;https://www.youtube.com/shorts/QDBZaZKjPfI;;;V.62_Yudhishthira;;Yes;
8f5138a7;;be4633b1;https://www.youtube.com/shorts/WjodaHxWIm8;;;V.68_Georges de La Tour | Magdalen with the Smoking Flame (1640);;Yes;
e841a703;;7648c4b8;https://www.youtube.com/watch?v=Er3GKw8Z3R4;;;V.97_Jan Griffier | Great Fire of London, 1666;;Yes;
bce0b5bd;;b91df1dd;https://youtu.be/ft1MNk1Msd4;;;V.22_Oliver Knussen | Flourish with Fireworks (1988);;Yes;
1c47a043;;cc8ac80a;https://www.youtube.com/watch?v=PYq1kMKOhdI;;;V.99_Joseph Haydn | Fire Symphony (c. 1760);;Yes;
e7aa7c0c;;3606489c;https://www.youtube.com/watch?v=1reF2jn6CJs;;;V.100_Jean Sibelius | The Origin of Fire (1910);;Yes;
9c1f92aa;;51dbd756;https://www.youtube.com/watch?v=pHxstiIybz4;;;V.61_Igor Stravinsky | Suite from The Firebird (1919);;Yes;
bb1276a1;;c64faf58;https://www.youtube.com/watch?v=Nk4MPaEeSBE;;;V.94_Sergei Prokofiev | Winter Bonfire (1951);;Yes;
065299b0;;354d6ad3;https://www.youtube.com/watch?v=23sl0uo9so0;;;V.75_Jerry Lee Lewis | “Great Balls of Fire” (1957);;Yes;
da9e0528;;f48d680d;https://www.youtube.com/watch?v=rAtlK_kz_zs;;;V.62_Johnny Cash | “Ring of Fire” (1963);;Yes;
f32ef052;;70901184;https://www.youtube.com/watch?v=8a-HfNE3EIo;;;V.68_Vangelis | “Chariots Of Fire” (1981);;Yes;
8382a841;;165806d4;https://www.youtube.com/watch?v=eFTLKWw542g;;;V.54_Billy Joel | “We Didn’t Start The Fire” (1989);;Yes;
b674498f;;70bd57a2;https://www.youtube.com/shorts/1zRGTxltZag;;;V.94_Bibliotheca Alexandrina;;Yes;
d7b0813a;;c2ad1f10;https://www.youtube.com/shorts/udWuLtN4WPc;;;V.32_White House;;Yes;
8a65ac36;;bf204b29;https://youtu.be/-u23sDd0_yo;;;V.91_Notre Dame;;Yes;
e52dd606;;06512a86;https://www.youtube.com/shorts/CcBJLiqpTns;;;V.19_Basilica of Saint Paul;;Yes;
e94a2e94;;88b8ca4b;https://www.youtube.com/shorts/2euJNsLlDDU;;;V.15_Babylon;;Yes;
b6e909eb;;2b0a7f4c;https://youtu.be/qVxjv1IoGNA;;;V.47_Shuri Castle;;Yes;
1a947ce5;;0503e8e8;https://youtu.be/ceRbZ1bSZh0;;;V.21_Yellow Crane Tower;;Yes;
d983dc01;;93d5d00c;https://www.youtube.com/shorts/ylAT-J0Zg7s;;;V.2_Stonehenge;;Yes;
2cef56a2;;124b0502;https://www.youtube.com/shorts/oGx8Ow-TaDM;;;V.5_Shakespeare's Globe;;Yes;
07d181d4;;8122900b;https://www.youtube.com/shorts/39GgTjWo3ao;;;V.60_Richard the Lionheart;;Yes;
7151286c;;8122900b;https://youtu.be/c46t83CD6lo;;;V.72_Richard the Lionheart;;;Yes
f2962864;;b4e0e936;https://www.youtube.com/shorts/jfBfY08qkVw;;;V.49_Charles II;;Yes;
0ccfb539;;b4e0e936;https://www.youtube.com/shorts/LlN-P58Ps4w;;;V.30_Charles II;;;Yes
a32fa5db;;f4a70694;https://www.youtube.com/shorts/ZosPpmllMxA;;;V.43_Fireside Chat;;Yes;
85d917f1;;f4a70694;https://youtu.be/osYAEggOtI8;;;V.20_Fireside Chat;;;Yes
98ee99e7;;d7afa77a;https://www.youtube.com/shorts/9ujJaXE5arI;;;V.64_Churchill's wartime broadcasts;;Yes;
4654b3ae;;61a13aab;https://www.youtube.com/shorts/9z99KbQprAU;;;V.92_Apollo 11;;Yes;
926ec711;;61a13aab;https://www.youtube.com/shorts/rqavPbrashQ;;;V.29_Apollo 11;;;Yes
1798b6ef;;19bf86ce;https://www.youtube.com/watch?v=AYP8-oxq8ig;;;V.82_Kennedy vs. Nixon;;;No
c82e1c3d;;19bf86ce;https://www.youtube.com/shorts/njUUohBILJU;;;V.21_Kennedy vs. Nixon;;No;Yes
11ca5d7d;;19bf86ce;https://www.youtube.com/shorts/FiyEogEKRo0;;;V.78_Kennedy vs. Nixon;;Yes;
c5b6d355;;0d18075e;https://youtu.be/qYscemhnf88;;;V.28_“Miracle on Ice”;;;Yes
92090f0b;;0d18075e;https://www.youtube.com/shorts/zYCXJDxHI9w;;;V.53_“Miracle on Ice”;;Yes;
9ea0fffb;;5311e6fb;https://www.youtube.com/shorts/S17RCpnn9Qw;;;V.65_Neujahrskonzert;;Yes;
21a28832;;4e9c0af5;https://youtu.be/uVUq6oF84pg;;;V.85_Eurovision;;Yes;
7eac24b2;;6b949391;;;;V.99_Albert Einstein;;Yes;
52be7013;;67315f68;https://www.youtube.com/shorts/Bsz_E_8nObk;;;V.79_Leon Trotsky;;Yes;
6d3b548b;;67315f68;https://www.youtube.com/shorts/-urxI5ZqkHo;;;V.90_Leon Trotsky;;;Yes
0554528b;;8a01b8be;https://youtu.be/66O_EBbFOPs;;;V.89_Jimmy Carter;;Yes;
678265f5;;908189c9;https://www.youtube.com/shorts/ZSNm0GlLf4E;;;V.31_Friedrich Engels;;Yes;
bb6583b8;;908189c9;https://www.youtube.com/shorts/bSr-nH_Hj2I;;;V.37_Friedrich Engels;;;Yes
2bd9ef73;;a833d2bd;https://www.youtube.com/shorts/tO0dzey7bTU;;;V.53_Dante;;Yes;
3383b472;;26cb8602;https://www.youtube.com/shorts/zcpP7BoO3Lo;;;V.24_Confucius;;Yes;
14474f3c;;26cb8602;https://www.youtube.com/shorts/gmhoNRHGOAI;;;V.15_Confucius;;;Yes
4d59e1f3;;59b240fc;https://youtu.be/ChQBHSL8vVg;;;V.80_Malala Yousafzai;;Yes;
13590c3b;;46eecf4a;https://youtu.be/EG7UpqODne8;;;V.51_Sun Mu;;Yes;
e06dce90;;52fd71e7;https://youtu.be/74tSGPtMRfM;;;V.46_Belarus Free Theatre;;Yes;
15cd8759;;e7bc6404;https://www.youtube.com/shorts/rSaWDbFbZD0;;;V.88_An-My Le;;Yes;
7b95f53b;;0e927aa0;https://www.youtube.com/watch?v=7NJqUN9TClM;;;V.31_Song If I Die Young;;Yes;
41bd707f;;4e4cb964;https://www.youtube.com/shorts/dTzkNSipyLo;;;V.99_The woman who made Van Gogh Famous again;;Yes;
73c3872f;;6699b4c9;https://www.youtube.com/watch?v=QmSJGhPTB5E;;;V.85_Gregor Mendel;;Yes;
843352ec;;e922e0f2;https://www.youtube.com/shorts/EuETLQZCa9Y;;;V.93_Alfred Wegener;;Yes;
245cb21f;;69d3fbc5;https://www.youtube.com/shorts/VjdeuEmjlXs;;;V.5_Franz Kafka;;No;Yes
686d8db1;;69d3fbc5;https://www.youtube.com/shorts/57aXC4CjzRw;;;V.85_Franz Kafka;;Yes;
7a71ac61;;4a8d48dd;https://www.youtube.com/shorts/_Cc50Gx7o80;;;V.9_Anne Frank;;Yes;
b0434907;;4a8d48dd;https://www.youtube.com/shorts/kadeNL-UA5Q;;;V.77_Anne Frank;;;Yes
d2f822df;;f84fbb6c;https://www.youtube.com/shorts/nwgUh6CxuWI;;;V.82_Vivian Maier;;Yes;
4c6e3589;;e346f782;https://www.youtube.com/shorts/WXB8xsN2ndU;;;V.37_Otis Redding;;Yes;
db1223a8;;7b4cbef9;https://www.youtube.com/shorts/PUL9uYwH0Jc;;;V.94_Jim Croce;;Yes;
d12b8867;;ec086f25;https://www.youtube.com/shorts/Bl5zYrv9S-E;;;V.13_Nick Drake;;Yes;
b4e98f40;;ec086f25;https://www.youtube.com/shorts/qFbH9j7RkZo;;;V.3_Nick Drake;;;Yes
fd6adca3;;0a65bd62;https://www.youtube.com/shorts/Y8HDIicYnMQ;;;V.93_Valhalla;;Yes;
42a7cff2;;3c959679;https://www.youtube.com/shorts/n8evpfpWBWw;;;V.92_Tartarus;;Yes;
9e77db40;;2144c8ca;https://www.youtube.com/shorts/ZT2v3B56nA8;;;V.3_Diyu;;Yes;
630f9800;;6c9025d8;https://www.youtube.com/shorts/DPxwPxAWRrU;;;V.39_Nirvana;;Yes;
6041abc1;;9b47d098;https://www.youtube.com/shorts/Xv5GifsxbNs;;;V.41_Samsara;;Yes;
6eeb541c;;9b47d098;https://www.youtube.com/shorts/HDBZy8llyR0;;;V.30_Samsara;;;Yes
94127ddc;;6f0c784a;https://www.youtube.com/shorts/hs6JD0kV8-g;;;V.25_Volcanoes eruption;;Yes;
a3957758;;6f0c784a;https://www.youtube.com/watch?v=lAmqsMQG3RM;;;V.1_Volcanoes eruption;;;Yes
6d2c5c07;;1b0fcf3c;https://youtu.be/YIZ4aSKT3mo;;;V.66_Mount Vesuvius;;Yes;
6081838e;;9f2e9888;https://www.youtube.com/shorts/1jSseQFO5i8;;;V.3_Huaynaputina;;Yes;
292542c6;;9f17b2ce;https://youtu.be/Cvjwt9nnwXY;;;V.45_Unzendake;;Yes;
459e94cb;;9f17b2ce;https://www.youtube.com/shorts/6EKX25Zlc_g;;;V.65_Unzendake;;;Yes
44c2ac15;;8c4946e0;https://www.youtube.com/shorts/jDnZRGXDkxM;;;V.68_Tambora;;Yes;
42401773;;8c4946e0;https://www.youtube.com/shorts/jLQWEcGMpF0;;;V.15_Tambora;;;Yes
829967fb;;91fef9fb;https://youtu.be/v2pPRiUUnOg;;;V.49_Krakatoa;;No;
e519378e;;91fef9fb;https://www.youtube.com/shorts/uapBbh3-pEQ;;;V.5_Krakatoa;;;Yes
31d48c82;;91fef9fb;https://www.youtube.com/shorts/A6ooLRyMRJ0;;;V.80_Krakatoa;;Yes;
610d3be1;;a3b999de;https://www.youtube.com/shorts/magaPwqaWUs;;;V.31_Lake Nyos;;Yes;
b773d5bb;;a3b999de;https://youtu.be/EnALmOT0CPk;;;V.8_Lake Nyos;;;Yes
8712180b;;c54ce28a;https://www.youtube.com/shorts/1CW0O80Jr-k;;;V.73_Mount St. Helens;;Yes;
e05a0928;;877f0c2f;https://www.youtube.com/shorts/9FTo8pOVV2s;;;V.39_Eyjafjallajökull;;Yes;
b5638005;;877f0c2f;https://www.youtube.com/shorts/UXAFVhl6-6g;;;V.23_Eyjafjallajökull;;;Yes
d1253721;;bdac9c70;https://www.youtube.com/shorts/ii5PJZpB-gI;;;V.29_Hunga Tonga;;Yes;
068ddbec;;bdac9c70;https://www.youtube.com/shorts/IZkAqZXQt5Y;;;V.63_Hunga Tonga;;;Yes
cd5537cc;;25005137;https://www.youtube.com/shorts/_TdWyQ1b5Ts;;;V.91_Yellowstone;;Yes;
8f93a9cb;;25005137;https://www.youtube.com/shorts/lyNmC3dW94o;;;V.38_Yellowstone;;;Yes
34576cd9;;51c2be35;https://www.youtube.com/shorts/oG3lJEznfCA;;;V.54_Punic Wars;;Yes;
e88df8c3;;2b9f4378;https://www.youtube.com/shorts/wKt2XtWtGEg;;;V.65_Hundred Years War;;Yes;
5095744b;;2b9f4378;https://www.youtube.com/shorts/uD7ofnVhJ_w;;;V.46_Hundred Years War;;;Yes
94d1f7d1;;9007b9b4;https://www.youtube.com/shorts/BoJCHy8B_mY;;;V.65_Wars of the Roses;;Yes;
9d82bd1b;;9007b9b4;https://www.youtube.com/shorts/jUJHwAIGJL4;;;V.88_Wars of the Roses;;;Yes
e53afcc2;;1ce214c5;https://www.youtube.com/shorts/pQNHwIC-xrw;;;V.43_Mongol Invasions;;Yes;
724e6d2a;;1ce214c5;https://www.youtube.com/shorts/fHzMxwTnw54;;;V.20_Mongol Invasions;;;Yes
68f17ef1;;96dae815;https://www.youtube.com/shorts/0SJicVFZwnk;;;V.57_Reconquista (Spain);;Yes;
ce2ee074;;96dae815;https://www.youtube.com/shorts/6QcYKxjddpg;;;V.22_Reconquista (Spain);;;Yes
66d49cd9;;41c8125f;https://www.youtube.com/shorts/-fqfk1Pn-QE;;;V.16_335 Years War;;Yes;
6c5a453f;;41c8125f;https://youtu.be/z-8j_xCsRcs;;;V.71_335 Years War;;;Yes
3f2da853;;6be5b3d9;https://www.youtube.com/watch?v=5tN6eynMMNw;;;V.90_Internal combustion engine;;Yes;
0e2c86b7;;70777e0a;https://www.youtube.com/shorts/O7qg5wHVIpk;;;V.92_Heat engine;;Yes;
f23e4ed7;;e1675007;https://www.youtube.com/shorts/DuzkdozIk3U;;;V.15_Gas turbine engine;;Yes;
8d07879e;;442cb206;https://www.youtube.com/shorts/mgoziiz3xrY;;;V.42_Wankel rotary engine;;Yes;
18ae940b;;442cb206;https://www.youtube.com/shorts/7ZPiIh2Iy2Q;;;V.67_Wankel rotary engine;;;Yes
e7e8b3da;;0344c1bd;https://www.youtube.com/shorts/kKXfyFyWQtA;;;V.72_Otto engine;;Yes;
1fab4f86;;0c321ba5;https://www.youtube.com/shorts/9kxoOHqwvMA;;;V.98_Rotary engines;;Yes;
a2507e0b;;e2056c95;https://www.youtube.com/watch?v=T3L-kFco2Qw;;;V.95_Continuous combustion engines;;Yes;
478131fa;;e2056c95;https://youtu.be/L24Wf0VlTE0;;;V.94_Continuous combustion engines;;;Yes
697c25d3;;32c8d79d;https://www.youtube.com/shorts/NevZrbwOeSo;;;V.22_Diesel;;Yes;
de0315aa;;6a8cf354;https://youtu.be/CBKKoq_HxYA;;;V.40_biodiesel;;Yes;
be10c4a0;;de6168f9;https://youtu.be/RclaV_3_eOA;;;V.73_JF Kennedy talking about peace;;Yes;
632d9a95;;62e5dc26;https://www.youtube.com/shorts/MnGS3ABbcwA;;;V.20_The White Man and the Red | Red Jacket (1906);;Yes;
a27ff600;;dabd3c66;https://youtu.be/oyX2kXeFUlo;;;V.89_Appeal to the League of Nations | Haile Selassie (1936);;Yes;
2e18207c;;fa32de56;https://www.youtube.com/shorts/1RC69Mkm1F8;;;V.91_A Tryst with Destiny | Jawaharlal Nehru (1947);;Yes;
ffc24991;;52580309;https://www.youtube.com/shorts/MNbwJRbNXZs;;;V.77_cryogenics;;Yes;
85d8a2f6;;cc014836;https://www.youtube.com/shorts/2r4bvGfDSnE;;;V.99_Biomechatronics;;Yes;
100347b1;;cc014836;https://www.youtube.com/shorts/vW3M_mmN23o;;;V.43_Biomechatronics;;;Yes
fac5c612;;312d2c44;https://www.youtube.com/shorts/V67_pcZy9Xc;;;V.21_Regenerative medicine;;Yes;
59ce1006;;312d2c44;https://www.youtube.com/shorts/7D9gdmxi_QE;;;V.12_Regenerative medicine;;;Yes
b052a332;;e6307195;https://www.youtube.com/shorts/oZraXC6nkxc;;;V.72_Genetic enhancement;;Yes;
b9199239;;e6307195;https://www.youtube.com/shorts/4Mg-gBrjJK0;;;V.79_Genetic enhancement;;;Yes
c6f59c30;;08df1223;https://www.youtube.com/shorts/R1aP5OchZn0;;;V.96_Senolytics;;Yes;
9bd1dc72;;aad18290;https://www.youtube.com/shorts/rFYHtw0hrqM;;;V.38_Stem cell therapy;;Yes;
556057f4;;aad18290;https://www.youtube.com/shorts/UFArVBepM1I;;;V.15_Stem cell therapy;;;Yes
ee15f12b;;f93ed89e;https://www.youtube.com/shorts/DIx1BNZG47A;;;V.12_Reproductive cloning;;Yes;
93bc8d95;;2c148809;https://www.youtube.com/shorts/y03ANUE_6NI;;;V.46_Digital cloning;;Yes;
1f65c9c4;;2c148809;https://www.youtube.com/shorts/4Ur_wGzGiEg;;;V.59_Digital cloning;;;Yes
c00c4cf1;;b1c7db7d;https://www.youtube.com/watch?v=c6HmrgbVpI0;;;V.78_Claude Debussy | “Feux d'artifice” (1913);;Yes;
8e5e6995;;d64c643e;https://www.youtube.com/shorts/WAH2GQA-oYA;;;V.84_Old music is killing new music?;;Yes;
8fe08dd2;;784e09ef;https://www.youtube.com/shorts/dblSTDvfbQQ;;;V.96_Tensei Stories;;No;
cad13516;;784e09ef;https://www.youtube.com/shorts/brbi58FEDm0;;;V.75_Tensei Stories;;Yes;
b700c767;;784e09ef;https://www.youtube.com/shorts/OfeUqGMhD0s;;;V.86_Tensei Stories;;;Yes
9aedb46d;;d763fa9e;https://www.youtube.com/shorts/UUROdUwt81o;;;V.76_Today effort to live forever;;Yes;
deaedbc3;;d763fa9e;https://www.youtube.com/shorts/X2GoHaUyslA;;;V.97_Today effort to live forever;;;Yes
db215576;;6a92d453;https://www.youtube.com/shorts/qu6YIyRWvqE;;;V.64_History of trying to live forever;;Yes;
de68cf4e;;664557cf;https://www.youtube.com/shorts/_hvE7WjTOHg;;;V.4_Initiative to live forever by billionaires;;Yes;
a2446ea6;;a5512698;https://www.youtube.com/shorts/Ile6kHgPtX4;;;V.97_Making progress on the longer life;;Yes;
ac3f7dc4;;206cef34;https://www.youtube.com/shorts/nq_f-JtGD9I;;;V.97_The return of a king motiv;;Yes;
09a17794;;c669169f;https://youtu.be/OAMSu1T47DU;;;V.81_Prince Caspian;;Yes;
56364286;;1cc7c103;https://youtu.be/jWe_Sv6Dls4;;;V.74_Juan Carlos;;Yes;
0f031e3e;;f2c86065;https://youtu.be/pGNEsU7WDog;;;V.35_Henry VII;;;Yes
b9e67df3;;f2c86065;https://www.youtube.com/shorts/nh2chjSZ9tc;;;V.91_Henry VII;;Yes;
9b4bb09d;;cadb507a;https://www.youtube.com/shorts/GI0RBfC0Qaw;;;V.83_Louis XVIII;;Yes;
e317f347;;cadb507a;https://www.youtube.com/shorts/OY8m7Qj-VpA;;;V.5_Louis XVIII;;;Yes
c016d1a4;;1f80f18a;https://youtu.be/p7XRPGzL6kk;;;V.32_Jesus;;Yes;
a2162fd5;;de5ee0aa;https://www.youtube.com/shorts/gCKq3ZUo8eQ;;;V.57_Kimba the White Lion;;Yes;
154d901e;;9f063f13;https://www.youtube.com/shorts/pU8Rb0Mc5zg;;;V.90_What is death;;Yes;
9f37ea29;;deb3e4b4;https://www.youtube.com/shorts/Bnn9fvOSvpY;;;V.57_Life after death;;Yes;
9c96574f;;ef4b1045;https://www.youtube.com/shorts/BMkthmq6vBU;;;V.81_Resuscitation VS resurrection;;Yes;
1e3bfdbe;;ef4b1045;https://www.youtube.com/shorts/C5mxGkWSYWs;;;V.71_Resuscitation VS resurrection;;;Yes
7820ef6b;;12d63248;https://www.youtube.com/shorts/OrLNX_-cMQs;;;V.22_Can we prolong the life of the sun;;Yes;
ea630abe;;12d63248;https://www.youtube.com/shorts/djlZVCiJh1o;;;V.68_Can we prolong the life of the sun;;;Yes
04c62530;;f91e80f3;https://www.youtube.com/watch?v=DzQJXbtKdi4;;;V.29_Tommy Dorsey | “Imagination” (1940);;Yes;
b4d9b916;;f16e841a;https://www.youtube.com/watch?v=L4pjGCQ3RIc;;;V.73_Gene Wilder | “Pure Imagination” (1971);;No;
e27580e6;;8c4c89d8;https://www.youtube.com/watch?v=YkgkThdzX-8;;;V.6_John Lennon | “Imagine” (1971);;Yes;
85a7070e;;3cc590fb;https://www.youtube.com/watch?v=dpjz5uRCXTg;;;V.81_Evanescence | “Imaginary” (2000);;No;Yes
261a0b5f;;2795a6e8;https://www.youtube.com/watch?v=apMwmeYq2NM;;;V.49_Cast of Mary Poppins Returns | “Can You Imagine That?” (2018);;No;
71c62432;;a0ea6edf;https://youtu.be/fzQ6gRAEoy0;;;V.64_Shelter: living alone in a simulation;;Yes;
979e8c93;;6f069fc4;https://www.youtube.com/watch?v=6wdSlIyhv1I;;;V.66_Ragtime | “Wheels of a Dream” (1998) vs. “Wheels of a Dream” (2009);;Yes;
6f5be62f;;6f069fc4;https://www.youtube.com/watch?v=iRRNaAfe3p4;;;V.64_Ragtime | “Wheels of a Dream” (1998) vs. “Wheels of a Dream” (2009);;;Yes
046399d7;;f3b5cd67;https://www.youtube.com/watch?v=1IUZgGe5hv0;;;V.85_Martin Guerre | “I Will Make You Proud” (1994) vs. “Justice Will Be Done” (1999);;Yes;
be9baac8;;f3b5cd67;https://www.youtube.com/watch?v=FejObuas5Hs;;;V.96_Martin Guerre | “I Will Make You Proud” (1994) vs. “Justice Will Be Done” (1999);;;Yes
7c2a5e96;;b17a387c;https://www.youtube.com/watch?v=RxUmbraYDcE;;;V.88_Mulan | “Reflection” vs “Written in Stone” (1998);;Yes;
bae76745;;b17a387c;https://www.youtube.com/watch?v=8XIgvjzFGTk;;;V.35_Mulan | “Reflection” vs “Written in Stone” (1998);;;Yes
6f9ab667;;40cceb1c;https://www.youtube.com/watch?v=Jne9t8sHpUc;;;V.69_Alanis Morissette | “Ironic” (1995) vs “Ironic” (2015);;Yes;
659eda0d;;40cceb1c;https://www.youtube.com/watch?v=6GVJpOmaDyU;;;V.27_Alanis Morissette | “Ironic” (1995) vs “Ironic” (2015);;;Yes
0fc8f3df;;7ccc15c2;https://www.youtube.com/watch?v=bRc4vrap5Ec;;;"V.67_K.D. Lang | “Surrender” (1997) vs. Sheryl Crow | ""Tomorrow Never Dies"" (1997)";;Yes;
bf325fc5;;7ccc15c2;https://www.youtube.com/watch?v=2BxTwJtpGYA;;;"V.56_K.D. Lang | “Surrender” (1997) vs. Sheryl Crow | ""Tomorrow Never Dies"" (1997)";;;Yes
e4d7b218;;4f4a36b6;https://www.youtube.com/watch?v=eFTLKWw542g;;;V.22_Billy Joel | “We Didn’t Start The Fire” (1989) vs Fall Out Boy | “We Didn’t Start the Fire” (2023);;Yes;
b7a3c5f9;;4f4a36b6;https://www.youtube.com/watch?v=2LkVKCWL0U4;;;V.23_Billy Joel | “We Didn’t Start The Fire” (1989) vs Fall Out Boy | “We Didn’t Start the Fire” (2023);;;Yes
c09cd387;;e44e6d49;https://www.youtube.com/watch?v=-UKuQkhdpvs;;;V.35_Future riff?;;Yes;
8c9752be;;df6da2ce;https://www.youtube.com/watch?v=NmCCQxVBfyM;;;V.100_Tetris soundtrack;;Yes;
de45def3;;41cf272c;https://youtu.be/NT7khMO9lKM;;;V.42_Future of video game music;;Yes;
e57f0cac;;41cf272c;https://youtu.be/3GRKJ87S5cI;;;V.13_Future of video game music;;;Yes
55451899;;51e151b2;https://youtu.be/YA3gYeg_wiw;;;V.10_New Phase of video game music;;;Yes
6c8774b2;;51e151b2;https://youtu.be/EEHo3g_FXso;;;V.26_New Phase of video game music;;Yes;
a0816391;;1ada8501;https://youtu.be/LJxbkhFPgb8;;;V.9_Origin of video game music;;Yes;
07b2e663;;1ada8501;https://youtu.be/El48-GFb_a4;;;V.42_Origin of video game music;;;Yes
3d085c45;;8959c456;https://www.youtube.com/watch?v=JUkOosHeXag;;;V.21_Grace Jones | “Nightclubbing” (1981);;Yes;
502f5e4d;;ac736ee7;https://www.youtube.com/watch?v=4DoEfJROnIo;;;V.19_Flying Lotus | “Galaxy In Janaki” (2010);;Yes;
a62cb55a;;8347c46e;https://www.youtube.com/watch?v=vHzx6gEXcCY;;;V.66_Kendrick Lamar | “Black Panther” (2018);;Yes;
62d9149f;;65253dd5;https://youtu.be/dokLwszdUgY;;;V.89_Sun Ra | “Space is the Place” (1973);;Yes;
55942f63;;865ae07f;https://www.youtube.com/watch?v=1WCOjiKI8vU;;;V.32_Gojira | “Global Warming” (2005);;Yes;
d257bf48;;4189711d;https://youtu.be/l14YwxJqnAc;;;V.97_Common | “Imagine” (2021);;Yes;Yes
358d84b4;;c3e10302;https://youtu.be/mzVkzahcepY;;;V.100_Free Lives | Terra Nil (2023);;Yes;
eb0b2349;;2b23dcad;https://www.youtube.com/watch?v=CwdAvtKFDbA;;;V.18_Utopian Art Machine | “SolarPunk Anthem” (2024);;;
918139f2;;99886344;https://www.youtube.com/watch?v=AB-oJLq5rWo;;;V.35_Sons of the Pioneers | “Old Man Atom” (1945);;Yes;
e8c2cdf3;;e343fb45;https://www.youtube.com/watch?v=DM1yYkShc7w;;;V.69_The Golden Gate Quartet | “Atom and Evil” (1946);;Yes;
a44fc2f3;;b657b459;https://www.youtube.com/watch?v=KXSUEU7ISfQ;;;V.17_Five Stars | “Atom Bomb Baby” (1957);;Yes;
21ec1909;;c58e2dbd;https://www.youtube.com/watch?v=yrbv40ENU_o;;;V.25_Tom Lehrer | “So Long, Mom (A Song For World War III)” (1965);;Yes;
ae27a692;;eb606c22;https://www.youtube.com/shorts/QQXqhAFfc90;;;V.50_How car start;;Yes;
4f298fa9;;912564a4;https://www.youtube.com/shorts/mbaTZcb1OyU;;;V.72_Effect of taylor swift rework on record labels;;Yes;
e075ad4d;;912564a4;https://www.youtube.com/shorts/hhjtUOpaRMY;;;V.17_Effect of taylor swift rework on record labels;;;Yes
8cdb8326;;771dab83;https://www.youtube.com/shorts/QXeZ_tiJEZY;;;V.88_Porter Robinson allow clone of his voice;;No;Yes
5280a019;;771dab83;https://youtu.be/SqTq1P6y70Q;;;V.96_Porter Robinson allow clone of his voice;;Yes;
07e995a3;;f3d859b3;https://www.youtube.com/shorts/SO7-paF1OSQ;;;V.52_What are use of digital clone Part 1;;Yes;
a37c5d71;;60f3bb6c;https://www.youtube.com/shorts/vj4NQY8xpmI;;;V.86_What are use of digital clone Part 2;;Yes;
5b196b5a;;1346fe7d;https://www.youtube.com/shorts/S6n1lcNEmdg;;;V.21_Finish Bethoven 10th Symphony;;Yes;
1f7ca3fa;;a5ea01ee;https://www.youtube.com/shorts/FXdYS7AAERI;;;V.67_Comparison between AI and human work;;Yes;
5f94a194;;eb26b11c;https://www.youtube.com/shorts/LllUPqRWHlg;;;V.23_Emily Dickinson;;Yes;
4a52a9e3;;78c81cae;https://www.youtube.com/shorts/yp_CAw_7axQ;;;V.100_What is Pareidolia?;;Yes;
9dad6c14;;78c81cae;https://www.youtube.com/shorts/JzibO7C6Pjw;;;V.62_What is Pareidolia?;;;No
a247e01a;;b1482ba5;https://www.youtube.com/shorts/u9Qvraz-2vY;;;V.4_A Brief History of Salons;;Yes;
f0afabff;;b1482ba5;https://www.youtube.com/shorts/kq4NFncp-Mw;;;V.64_A Brief History of Salons;;;Yes
87846648;;0b14eb6e;https://www.youtube.com/shorts/moqhcopiW6U;;;V.98_Memory;;Yes;
936971f9;;b6fc5201;https://www.youtube.com/shorts/brWWIGyWmpw;;;V.55_Mental imagery;;Yes;
7c17e91d;;a0548692;https://www.youtube.com/shorts/nNvBnOWLvAo;;;V.68_Perception;;Yes;
3dcdb9f9;;a0548692;https://www.youtube.com/watch?v=DOmrm0Hy-2Y;;;V.46_Perception;;;Yes
9651b9c2;;e9c1d28f;https://www.youtube.com/shorts/B4bMKoYcW0M;;;V.58_World view;;Yes;
04abc37e;;bad7aa17;https://youtu.be/kJ6lkj8sT50;;;V.33_Neocortex;;Yes;
8316a8ee;;e0955043;https://youtu.be/IF8_82e9RmQ;;;V.12_Thalamus;;Yes;
e831290d;;7a844c21;https://youtu.be/i47_jiCsBMs;;;V.74_Frontal cortex;;Yes;
57a8680e;;464952dc;https://www.youtube.com/shorts/x2EACFHLFsc;;;V.58_REM sleep;;Yes;
88da3ec3;;20dd88d2;https://www.youtube.com/shorts/G_KtzS5D2Lg;;;V.13_Drugs that stimulate the imagination;;Yes;
87a1c9f9;;20dd88d2;https://www.youtube.com/watch?v=I2nsavS84zk;;;V.50_Drugs that stimulate the imagination;;;Yes
cf061dcf;;368e56f6;https://www.youtube.com/watch?v=W11ergeD09o;;;V.42_Effects of drugs that stimulate the imagination;;Yes;
d54390a0;;a215f84f;https://www.youtube.com/shorts/zhkf5PuLt8o;;;V.30_Active imagination;;;
64f9067c;;01307b1f;https://www.youtube.com/shorts/gnnJshnJJUI;;;V.23_Hypnagogia;;No;Yes
e5711e8b;;01307b1f;https://youtu.be/FdzUqxkYWCw;;;V.56_Hypnagogia;;Yes;No
2765bbf9;;008696ad;https://www.youtube.com/shorts/nC_48obrQN8;;;V.45_Mind wandering;;Yes;
9333c2e6;;008696ad;https://www.youtube.com/shorts/oMI-EK-zUVw;;;V.13_Mind wandering;;;Yes
2153d9a2;;bac6c137;https://www.youtube.com/shorts/X3pB9atlm98;;;V.33_Hypnosis;;Yes;No
f28130b9;;bac6c137;https://www.youtube.com/watch?v=Q1bBOyvzJ0Y;;;V.38_Hypnosis;;No;Yes
da221e62;;7491dda5;https://www.youtube.com/watch?v=o-kMJBWk9E0;;;V.54_Meditation;;Yes;
20b9179d;;9c9fd9f6;https://www.youtube.com/shorts/zDSFEHGCqYo;;;V.13_Nature experiences;;Yes;
c225db93;;947016c1;https://www.youtube.com/shorts/rC3NJjoLAlw;;;V.34_Novel experiences;;Yes;
cb79bb83;;576dece9;https://www.youtube.com/watch?v=DiaPzrUbu2Q;;;V.7_Psychological distance;;Yes;
3a4c2cb2;;45710898;https://youtu.be/PhkPCQ7fFR8;;;V.68_Social Imagineering;;No;Yes
e1da3bc6;;966beb0b;https://www.youtube.com/watch?v=RgJd1zV9NMQ;;;V.92_Osu;;Yes;
c75416e5;;966beb0b;https://www.youtube.com/watch?v=CpPUN9h42qg;;;V.57_Osu;;;Yes
85a6132a;;20054a2d;https://www.youtube.com/watch?v=vL39Sg2AqWg;;;V.70_Beat Saber;;Yes;
855fee24;;20054a2d;https://www.youtube.com/shorts/dMX5YOFkdH4;;;V.8_Beat Saber;;;Yes
c6a1c203;;88295df4;https://www.youtube.com/shorts/BzPBVrGlF18;;;V.3_Dance Dance Revolution;;Yes;
c3a38d6c;;51e5758e;https://www.youtube.com/shorts/jmD7bZyLbdQ;;;V.47_Guitar Hero;;Yes;
b33cbbb7;;fd8fc3ed;https://www.youtube.com/shorts/szbY_D1Tp4s;;;V.71_Maimai;;Yes;
776fb85b;;fd8fc3ed;https://www.youtube.com/shorts/Gmdq5yzWYO8;;;V.38_Maimai;;;Yes
c8ef2d61;;21d6f194;https://www.youtube.com/watch?v=7Up6VtF3JbA;;;V.28_Beatmania;;Yes;
174fa7e4;;e0fd4737;https://www.youtube.com/shorts/PFwPUP2psQ0;;;V.27_Deemo;;Yes;
241cc85e;;1adf3df0;https://www.youtube.com/shorts/Rx2EhWYAs8E;;;V.95_Just Dance;;Yes;
0748a15f;;bcb8396f;https://www.youtube.com/watch?v=Beb4qjzHZts;;;V.81_Tap Tap Revenge;;;Yes
ad135976;;bcb8396f;https://www.youtube.com/watch?v=zZp3BUM9NUA;;;V.84_Tap Tap Revenge;;Yes;
95ac4af7;;5381759b;https://www.youtube.com/shorts/nReHXXQlm_Q;;;V.50_Blizzard Entertainment | Overwatch (2016);;Yes;
f404c0d3;;9f063f13;https://www.youtube.com/shorts/91hjJLEh5Pw;;;V.57_What is death;;;Yes
3fc9304a;;e346f782;https://youtu.be/rTVjnBo96Ug;;;V.56_Otis Redding;;;Yes
a4c94ae0;;7b4cbef9;https://youtu.be/JzYf6qskdfA;;;V.77_Jim Croce;;;Yes
0d53a023;;78c81cae;https://www.youtube.com/watch?v=FJedW6W5hrw;;;V.22_What is Pareidolia?;;;Yes
fe8ed119;;85706841;https://www.youtube.com/shorts/w4dRCc2keuo;;;V.82_Return of Pan Am;;Yes;
88d2040c;;0ac076d0;https://youtu.be/bgoNBwN77p8;;;V.99_The return of Audio cassette;;Yes;
ec161203;;85c032bd;https://www.youtube.com/shorts/umiJkA1WvlE;;;V.83_The return of instant camera;;Yes;
ba466ce9;;7dfbbb64;https://youtu.be/2yujDMEbREU;;;V.32_The return of digital camera;;Yes;
7a29dacd;;d981f094;https://youtu.be/YS3j8j-vKh4;;;V.30_Disposable cameras;;Yes;
1e308dd7;;d981f094;https://www.youtube.com/shorts/8nLhmxapZUg;;;V.59_Disposable cameras;;;Yes
dc7b9169;;619fc782;https://www.youtube.com/shorts/OfW7azK9Msw;;;V.70_Handheld gaming devices;;Yes;
086b2bb6;;619fc782;https://www.youtube.com/shorts/kU6WYEXspWo;;;V.4_Handheld gaming devices;;;Yes
30c313eb;;63240eca;https://www.youtube.com/shorts/UwNB3ukDmF4;;;V.11_Pager;;Yes;
635a36b9;;63240eca;https://www.youtube.com/shorts/gsGPEPoylnI;;;V.17_Pager;;;Yes
1a55ec3d;;09cb0411;https://www.youtube.com/shorts/8bGOuscHd7U;;;V.9_Magnetic tape;;Yes;
966ed15d;;36ad7c01;https://www.youtube.com/watch?v=2a5gwWnTKpI;;;V.98_Asimov’s Foundation series;;Yes;
ec21f2e6;;aed7eb61;https://youtu.be/oVGdECND9Fs;;;V.52_Core vs. periphery;;Yes;
b27e8717;;62fea2ef;https://www.youtube.com/shorts/4Aye_NFaP2A;;;V.27_soft vs. hard power;;Yes;
d560c1e6;;2da2b85a;https://youtu.be/0tCPl0veqvc;;;V.68_foreign assistance;;Yes;
3bb4c6d8;;03dc7c17;https://youtu.be/3LQYCPzvykQ;;;V.81_Neo-Sovietism;;;Yes
9eb3dead;;8b947693;https://www.youtube.com/shorts/tvulVOl9Uyo;;;V.67_RCA;;;
405ab85f;;f785ce31;https://www.youtube.com/shorts/T-XS-AJm0U4;;;V.71_Westinghouse;;Yes;
0215897a;;461d4790;https://youtu.be/rRzZPFdc9MI;;;V.17_Polaroid;;Yes;
01fe38a0;;6f0cb32f;https://www.youtube.com/shorts/titq_j5j_Is;;;V.59_RadioShack;;Yes;
9f8d7121;;c5fcbe15;https://www.youtube.com/shorts/F0SnV2gNNcY;;;V.38_Gateway;;Yes;
b3da5769;;f713c59c;https://www.youtube.com/shorts/sLnt-4Jqr2k;;;V.47_Nokia;;Yes;
4aa07e7d;;beee6b26;https://www.youtube.com/shorts/C4of53Abi_w;;;V.40_Eastern Air Lines;;Yes;
2ed8d666;;beee6b26;https://www.youtube.com/shorts/SzqywQ-Pc2A;;;V.12_Eastern Air Lines;;;Yes
6609ffa2;;04690a44;https://youtu.be/vDliqOEl-x0;;;V.35_PanAm return as retail store;;Yes;
454054bd;;e4160437;https://www.youtube.com/shorts/de7N0i3yJl4;;;V.20_Define chiptune music;;Yes;
bba595a6;;e4160437;https://youtu.be/6R5PnTDXnWU;;;V.52_Define chiptune music;;;Yes
3c2385ee;;884d6ebe;https://youtu.be/xptTBRji64c;;;V.89_Music game as Rhythmic training;;Yes;
4c2413a0;;f16e841a;https://youtu.be/SVi3-PrQ0pY;;;V.92_Gene Wilder | “Pure Imagination” (1971);;Yes;
80f6e7eb;;2795a6e8;https://youtu.be/_wK6oktk3JU;;;V.75_Cast of Mary Poppins Returns | “Can You Imagine That?” (2018);;No;Yes
56169420;;e51ad416;https://youtu.be/cFVL4AQO2hM;;;V.16_Does coma patient brain still working?;;No;Yes
2bf6ef68;;c4b45094;https://www.youtube.com/shorts/FqJmWmGtk_o;;;V.51_Brain in isolation;;Yes;
02250f02;;56add21f;https://youtu.be/NqdoTB-YAE0;;;V.70_AI can be creative?;;Yes;
6b37f034;;30d0c023;https://www.youtube.com/shorts/47USKNRqHUQ;;;V.89_AI replace artists?;;Yes;
7632518d;;c101b643;https://www.youtube.com/shorts/h1c4l10GjWA;;;V.18_Model collapse?;;Yes;
e91b3927;;cdc6d439;https://www.youtube.com/shorts/ho-RPFyjSx8;;;V.64_What is artificial general intelligence;;Yes;
a6a826ea;;f311875e;https://www.youtube.com/shorts/2CD5iubOkiY;;;V.51_Robot advancement with AGI;;Yes;
ba41e0ee;;f311875e;https://www.youtube.com/shorts/cB7Auq4x84g;;;V.36_Robot advancement with AGI;;;Yes
40aae978;;69f1c546;https://www.youtube.com/shorts/VbVPF57nne8;;;V.82_Discussion: what make imagination so difficult to replicate;;Yes;
bef94711;;e44e6d49;https://www.youtube.com/shorts/ZtLNWZL5Qbk;;;V.100_Future riff?;;;Yes
5697a385;;9d75fe0c;https://www.youtube.com/shorts/cwGDNsuGXD0;;;V.69_Write sci-fi music creatively;;Yes;
3c6fe2ea;;f0232cef;https://youtu.be/Q6vk80PeCZA;;;V.29_Yuen Ren Chao | “Lion-Eating Poet in the Stone Den” (c. 1930s);;Yes;
7bc8c77d;;7c19b9d5;https://youtu.be/eQP_3sCl-hE;;;V.32_Dylan Thomas | “Do Not Go Gentle into That Good Night” (1951);;Yes;
91cfee61;;e1191538;https://www.youtube.com/shorts/fGXn6Hm3OFo;;;V.96_Example of poetic constraint;;Yes;
8685df52;;7c19b9d5;https://www.youtube.com/shorts/aHsTf499HJo;;;V.13_Dylan Thomas | “Do Not Go Gentle into That Good Night” (1951);;;Yes
dba7ad7e;;e1191538;https://www.youtube.com/shorts/MmYekYpF7_k;;;V.8_Example of poetic constraint;;;Yes
f83cb0b0;;45710898;https://youtu.be/-Y7TlaXDPrg;;;V.66_Social Imagineering;;Yes;
3807cdaa;;f91e80f3;https://www.youtube.com/shorts/Bpb24fOrWr4;;;V.10_Tommy Dorsey | “Imagination” (1940);;;Yes
ff421d75;;f16e841a;https://www.youtube.com/shorts/FSFe2XNqCVg;;;V.52_Gene Wilder | “Pure Imagination” (1971);;;Yes
d8d10157;;8c4c89d8;https://www.youtube.com/shorts/yz_xbsGtQSw;;;V.19_John Lennon | “Imagine” (1971);;;Yes
1e6e31ce;;3cc590fb;https://www.youtube.com/shorts/e4o6fJBgtcQ;;;V.94_Evanescence | “Imaginary” (2000);;Yes;
e258b198;;2795a6e8;https://youtu.be/gZgUW88D15w;;;V.9_Cast of Mary Poppins Returns | “Can You Imagine That?” (2018);;Yes;
34e31eb8;;e51ad416;https://youtu.be/BdvOHEwcnWw;;;V.40_Does coma patient brain still working?;;Yes;
f5a07187;;56add21f;https://www.youtube.com/shorts/UmzJIf3n9z4;;;V.7_AI can be creative?;;;Yes
f98b0bf2;;30d0c023;https://www.youtube.com/shorts/zs7yohu_9zQ;;;V.46_AI replace artists?;;;Yes
2aedd484;;c101b643;https://www.youtube.com/shorts/sbekQBEHFrs;;;V.24_Model collapse?;;;Yes
2289e9a0;;cdc6d439;https://www.youtube.com/shorts/jeEf9nQgm2w;;;V.16_What is artificial general intelligence;;;Yes
5b50ae53;;69f1c546;https://www.youtube.com/shorts/swdxc_tPeNU;;;V.62_Discussion: what make imagination so difficult to replicate;;;Yes
305f7129;;35ba508c;https://youtu.be/17wP55Dqlbg;;;V.42_Creative works fail but succeed later;;Yes;
6da8f168;;79828480;https://youtu.be/bhN2jGKqORU;;;V.9_Ted Chiang | “What's expected of us” (2005);;;
b23976bd;;2f0dacb5;https://youtu.be/f93IJkMRKmA;;;V.5_C. Robert Cargill | Excerpts from Sea of Rust (2007);;;
ae86cea2;;cb8c68f9;https://youtu.be/bI_R51bYTes;;;V.33_Solarpunk architecture;;Yes;
2bb51a9c;;odajsw1;https://youtu.be/N1ikK-E-mqw;;;V.28_GenCast: AI improves weather predictions significantly.;;Yes;
14091b99;;9fala85;https://www.youtube.com/watch?v=N1ikK-E-mqw;;;V.91_Weather Forecasting: Accurate only up to 10 days.;;Yes;
d9cf4a0a;;s2qo2s7;https://www.youtube.com/shorts/uCPvmU-OzV0;;;V.48_Chaos: Small changes can lead to big effects.;;Yes;
0425474f;;s2qo2s7;https://www.youtube.com/shorts/cJBOBz1iSGk;;;V.48_Chaos: Small changes can lead to big effects.;;;Yes
85498c60;;wn1n8xb;https://youtu.be/d939_DDU0w8;;;V.6_Emergence: Whole is greater than its parts.;;Yes;
1583b85d;;36hkchg;https://www.youtube.com/shorts/o5RrUPfLVDo?feature=share;;;V.38_Self-organization: Order from chaos through interactions.;;Yes;
7092f591;;36hkchg;https://www.youtube.com/shorts/BwEx2d8uKFY;;;V.16_Self-organization: Order from chaos through interactions.;;;Yes
ad57e263;;tsdhcsy;https://www.youtube.com/shorts/4HXhMNTKcwI;;;V.40_Decentralization: Power shared, not controlled by one.;;Yes;
08a12bd4;;7k9yrvq;https://www.youtube.com/shorts/NlCC_GB57f8;;;V.48_Determinism: Everything can be predicted or known.;;Yes;
210049f1;;bzc8ksj;https://www.youtube.com/shorts/1E68TLe6mzw;;;V.9_Chaotic System: Small changes cause big differences.;;;
c5502ad3;;dnqwrew;https://youtu.be/O_lCGcamNLc;;;V.12_Flocking Model: Simulating bird movement with simple rules.;;Yes;
3adad94c;;dnqwrew;https://www.youtube.com/shorts/t7qcLq0GmtQ;;;V.58_Flocking Model: Simulating bird movement with simple rules.;;;Yes
81c76521;;z9eutae;https://www.youtube.com/shorts/T2L7tP_Ok3k;;;V.20_Three-body problem: predicting movement of three space objects.;;Yes;
cc25b4d2;;z9eutae;https://www.youtube.com/shorts/rtnxioqaD3U;;;V.83_Three-body problem: predicting movement of three space objects.;;;Yes
66b16c23;;pksqzry;https://www.youtube.com/shorts/ISn9HpFUw7E;;;V.48_Fractals: Infinite patterns with repeating shapes.;;Yes;
a2e5aac1;;pksqzry;https://www.youtube.com/shorts/OPxkkb3zCMY;;;V.2_Fractals: Infinite patterns with repeating shapes.;;;Yes
19c170f7;;f92d7nc;https://www.youtube.com/shorts/1Xo3gQw0jKo;;;V.90_Randomness: Unpredictable events with no order.;;;Yes
2dea5a36;;h7bslsy;https://www.youtube.com/shorts/dx7vfKwgl5Q;;;V.16_Equilibrium: Different types of balance in objects.;;;
129ad59f;;icvuvti;https://www.youtube.com/watch?v=5sC0cS7j7EI;;;V.65_Fashion Cycle: Trends change in stages over time.;;Yes;
9d59aa09;;zstqnrv;https://www.youtube.com/shorts/JxvMSZWk_HQ;;;V.58_Nostalgia Cycle: Trends return every 20-40 years.;;Yes;
6ad388a0;;f2qkr56;https://youtu.be/szSz69nAtN0;;;V.42_News Cycle: 24-hour news reporting and follow-up stories.;;Yes;
b6b7b2a2;;fbgd9s6;https://www.youtube.com/shorts/jp8ekqqIiww;;;V.44_Business Cycle: Economy's ups and downs over time.;;Yes;
c50b529e;;fbgd9s6;https://youtu.be/T5seDnLO6M4;;;V.66_Business Cycle: Economy's ups and downs over time.;;;Yes
32ba48be;;n4vndcg;https://youtu.be/jgV9XtdgXeg;;;V.80_Market Cycle: Phases of stock price changes.;;Yes;
1c00073d;;3lwr98x;https://www.youtube.com/shorts/vVeaJMd4wa8;;;V.18_Moore's Law: Transistors double every 2 years.;;Yes;
8986d13b;;cq62ar9;https://www.youtube.com/shorts/UNE5UY7RU_A;;;V.91_Eroom’s Law: Drug development costs keep rising and slowing.;;Yes;
b38aaa4d;;cq62ar9;https://www.youtube.com/watch?v=wF8gVBl3Ots&t=78s;;;V.44_Eroom’s Law: Drug development costs keep rising and slowing.;;;Yes
2e109f6b;;vj2houn;https://www.youtube.com/shorts/0dA4M2GQcFk;;;V.69_Platform Decay: Online services get worse for profit.;;Yes;
2af0831b;;vj2houn;https://www.youtube.com/shorts/rqB0XCa8l1I;;;V.82_Platform Decay: Online services get worse for profit.;;;Yes
ba1e38e7;;ko6078t;https://www.youtube.com/shorts/S1Ay_9rmxcI;;;V.5_Bathtub Curve: Electronics failure rates over time.;;Yes;